Name,Link
"新政影响几何?北京楼市暗潮涌动,有新盘到访量增加三至四成",https://www.bjnews.com.cn/detail/1727659726168864.html
"广州全面取消住房限购,非户籍居民家庭不再审核购房资格",https://www.bjnews.com.cn/detail/1727625225168859.html
"北京新政落地!非京籍家庭购房社保年限下调,五环内“5改3”",https://www.bjnews.com.cn/detail/1727708829168971.html
"深圳楼市新政:取消限售,部分区域外地人购房无需提供社保证明",https://www.bjnews.com.cn/detail/1727625241168860.html
央行重磅新政“四连发”:涉调整存量房贷利率、降低首付比等,https://www.bjnews.com.cn/detail/1727620260168856.html
政策利好下地产股走强:37只A股个股涨停、港股最高涨幅83%,https://www.bjnews.com.cn/detail/1727690444168936.html
深圳楼市调控放大招:中介“忙疯了”、有购房者连夜签约,https://www.bjnews.com.cn/detail/1727674137168898.html
"上海新政来了!取消普宅标准,外地人外环外购房社保年限降至1年",https://www.bjnews.com.cn/detail/1727620265168857.html
历时14年!广州楼市限购全面退出舞台,https://www.bjnews.com.cn/detail/1727665937168891.html
"中介连夜通知客户!上海出台楼市新政,业内称国庆假期行情可期",https://www.bjnews.com.cn/detail/1727660523168873.html
"专题
房屋何以养老",https://m.bjnews.com.cn/detail/1727266744129611.html
"专题
央行稳楼市“大礼包”来了!降准、降息、降存量利率......",https://m.bjnews.com.cn/detail/1727164912129551.html
"松绑限购、降首付......北京“组合拳”亮点多,10月楼市可期",https://www.bjnews.com.cn/detail/1727754854168992.html
上海又现“日光”高端楼盘背后:20年老盘、套均过亿,https://www.bjnews.com.cn/detail/1727613513168843.html
房企巨头5小时拼抢广州百亿级地块 业内:有助提振市场信心,https://www.bjnews.com.cn/detail/1727618724168853.html
"政策利好频出、开发商加速推盘,楼市“金九”翘尾",https://www.bjnews.com.cn/detail/1727759853168999.html
福建:全省九市一区二套房首付比降至15%,https://www.bjnews.com.cn/detail/1727743803168976.html
浙江嘉善:全面放开限购限售政策,https://www.bjnews.com.cn/detail/1727759847168998.html
厦门:全面取消住房限售 按区认定首套房,https://www.bjnews.com.cn/detail/1727759838168997.html
东莞:取消商品住房限售 首套、二套房首付比15%,https://www.bjnews.com.cn/detail/1727754727168991.html
1-9月仅有6家房企销售额过千亿 业内:“银十”可期,https://www.bjnews.com.cn/detail/1727754690168990.html
北京发布第四轮拟供宅地清单 9宗地约39公顷,https://www.bjnews.com.cn/detail/1727703725168965.html
南京一项目回应国庆“买房送20万元股票”:活动下架,https://www.bjnews.com.cn/detail/1727703721168964.html
总起始价超百亿 北京海淀区功德寺两宗宅地“转正”挂牌,https://www.bjnews.com.cn/detail/1727690438168935.html
"河南:全面取消限购限售,加快推进现房销售试点",https://www.bjnews.com.cn/detail/1727690433168934.html
